tempPer1Hour,rollPer1Hour,pitchPer1Hour,YawPer1Hour,secPer1Hour,startTimeStamp,hours,quant,hour_num
42,147.84,26.666,91.438,7202,2/22/2020 10:00,1,1,1
41.25,26.406,20.428,34.097,10802,2/22/2020 10:00,2,1,2
42,66.822,31.027,77.155,14402,2/22/2020 10:00,3,1,3
41.75,147.31,40.074,103.06,18002,2/22/2020 10:00,4,1,4
40.25,151.56,30.21,109.78,21602,2/22/2020 10:00,5,1,5
41.25,99.469,55.634,156.65,25202,2/22/2020 10:00,6,1,6
42.25,31.341,21.725,31.22,28802,2/22/2020 10:00,7,1,7
41.75,32.807,20.331,36.805,32402,2/22/2020 10:00,8,1,8
40.75,25.073,17.662,35.065,36002,2/22/2020 10:00,9,1,9
41.25,36.977,20.85,37.124,39602,2/22/2020 10:00,10,1,10
40.75,36.58,18.956,50.27,43202,2/22/2020 10:00,11,1,11
40.75,47.488,25.835,68.117,46802,2/22/2020 10:00,12,1,12
40.25,31.617,21.817,55.049,50402,2/22/2020 10:00,13,1,13
41.25,21.838,19.913,46.786,54002,2/22/2020 10:00,14,1,14
40.75,38.516,23.392,40.903,57602,2/22/2020 10:00,15,1,15
41.25,19.95,17.863,26.519,61202,2/22/2020 10:00,16,1,16
41.75,78.212,20.753,31.896,64802,2/22/2020 10:00,17,1,17
41.75,42.604,17.048,29.07,68402,2/22/2020 10:00,18,1,18
41.75,421.39,24.309,58.491,72002,2/22/2020 10:00,19,1,19
40.75,1278.9,47.522,143.96,75602,2/22/2020 10:00,20,1,20
42.5,68.501,25.256,37.999,79202,2/22/2020 10:00,21,1,21
40.25,95.811,34.421,99.456,82802,2/22/2020 10:00,22,1,22
39.75,93.758,34.892,92.07,86402,2/22/2020 10:00,23,1,23
41.25,72.138,31.545,78.733,90002,2/22/2020 10:00,24,1,24
41,102.02,32.66,65.264,93602,2/22/2020 10:00,25,1,1
42.25,186.62,51.828,319.65,97202,2/22/2020 10:00,26,1,2
40.75,78.49,26.43,42.683,100800,2/22/2020 10:00,27,1,3
40.25,119.12,51.545,118.34,104400,2/22/2020 10:00,28,1,4
39.5,85.29,33.18,106.85,108000,2/22/2020 10:00,29,1,5
41.25,69.402,37.211,232.29,111600,2/22/2020 10:00,30,1,6
39.75,39.74,23.401,53.696,115200,2/22/2020 10:00,31,1,7
40.75,17.945,15.156,24.572,118800,2/22/2020 10:00,32,1,8
41.25,16.104,17.057,25.144,122400,2/22/2020 10:00,33,1,9
41.25,54.992,28.135,48.206,126000,2/22/2020 10:00,34,1,10
41.25,42.598,19.126,31.986,129600,2/22/2020 10:00,35,1,11
40.75,24.684,20.87,30.771,133200,2/22/2020 10:00,36,1,12
40.25,57.81,27.539,61.928,136800,2/22/2020 10:00,37,1,13
41.75,64.296,25.678,141.11,140400,2/22/2020 10:00,38,1,14
41.75,74.861,26.392,72.373,144000,2/22/2020 10:00,39,1,15
39.5,42.012,25.582,124.38,147600,2/22/2020 10:00,40,1,16
41.5,91.257,27.019,122.22,151200,2/22/2020 10:00,41,1,17
40,28.755,23.865,38.445,154800,2/22/2020 10:00,42,1,18
41,113.73,28.501,55.97,158400,2/22/2020 10:00,43,1,19
41.25,135.69,36.404,90.263,162000,2/22/2020 10:00,44,1,20
42,118.88,30.797,62.238,165600,2/22/2020 10:00,45,1,21
42,284.07,30.888,96.833,169200,2/22/2020 10:00,46,1,22
41,117.28,46.033,133.51,172800,2/22/2020 10:00,47,1,23
43.25,91.825,37.63,67.974,176400,2/22/2020 10:00,48,1,24
39.5,33.019,32.283,54.487,180000,2/22/2020 10:00,49,1,1
42.75,86.309,38.543,185.59,183600,2/22/2020 10:00,50,1,2
39.75,68.097,43.452,80.238,187200,2/22/2020 10:00,51,1,3
42,93.997,32.765,94.159,190800,2/22/2020 10:00,52,1,4
41.75,81.092,33.932,162.02,194400,2/22/2020 10:00,53,1,5
42.75,118.61,37.155,91.372,198000,2/22/2020 10:00,54,1,6
40,56.658,30.32,91.949,201600,2/22/2020 10:00,55,1,7
41.5,45.938,20.282,53.831,205200,2/22/2020 10:00,56,1,8
42,21.661,14.575,32.74,208800,2/22/2020 10:00,57,1,9
42.25,42.573,24.407,52.887,212400,2/22/2020 10:00,58,1,10
41.75,69.389,29.967,67.899,216000,2/22/2020 10:00,59,1,11
42.75,22.811,18.489,30.105,219600,2/22/2020 10:00,60,1,12
41.75,18.887,15.964,27.716,223200,2/22/2020 10:00,61,1,13
41.75,40.987,22.765,42.975,226800,2/22/2020 10:00,62,1,14
41.75,16.073,14.776,24.255,230400,2/22/2020 10:00,63,1,15
41.75,16.558,14.441,25.227,234000,2/22/2020 10:00,64,1,16
41.75,21.488,16.462,28.572,237600,2/22/2020 10:00,65,1,17
42.25,26.783,19.199,33.974,241200,2/22/2020 10:00,66,1,18
42.25,19.1,18.896,41.013,244800,2/22/2020 10:00,67,1,19
42.25,60.29,34.771,111.33,248400,2/22/2020 10:00,68,1,20
41,54.108,30.355,62.124,252000,2/22/2020 10:00,69,1,21
41.75,110.6,30.278,93.838,255600,2/22/2020 10:00,70,1,22
41.25,111.62,41.197,111.75,259200,2/22/2020 10:00,71,1,23
41.75,658.85,34.61,81.763,262800,2/22/2020 10:00,72,1,24
40.25,56.982,33.209,55.391,266400,2/22/2020 10:00,73,1,1
40.25,352.87,40.555,90.164,270000,2/22/2020 10:00,74,1,2
42.75,41.034,29.098,45.032,273600,2/22/2020 10:00,75,1,3
41,132.94,45.504,154.5,277200,2/22/2020 10:00,76,1,4
40.25,108.23,39.222,432.2,280800,2/22/2020 10:00,77,1,5
41.25,50.578,32.568,585.13,284400,2/22/2020 10:00,78,1,6
41.25,77.63,39.773,73.633,288000,2/22/2020 10:00,79,1,7
42.25,23.894,19.106,55.281,291600,2/22/2020 10:00,80,1,8
42.75,52.455,24.127,44.051,295200,2/22/2020 10:00,81,1,9
41.75,30.634,19.954,286.94,298800,2/22/2020 10:00,82,1,10
42.25,47.922,20.357,155.94,302400,2/22/2020 10:00,83,1,11
41.5,26.771,20.255,69.117,306000,2/22/2020 10:00,84,1,12
42.5,45.632,21.341,55.83,309600,2/22/2020 10:00,85,1,13
41.5,21.467,19.533,40.557,313200,2/22/2020 10:00,86,1,14
41.25,78.825,20.94,37.938,316800,2/22/2020 10:00,87,1,15
41.75,30.516,22.722,94.295,320400,2/22/2020 10:00,88,1,16
41.5,19.056,14.141,27.593,324000,2/22/2020 10:00,89,1,17
42,25.671,18.123,34.522,327600,2/22/2020 10:00,90,1,18
41.5,34.67,22.405,53.657,331200,2/22/2020 10:00,91,1,19
41.5,31.274,24.448,111.26,334800,2/22/2020 10:00,92,1,20
42.5,47.409,18.604,71.614,338400,2/22/2020 10:00,93,1,21
43,53.783,24.795,41.894,342000,2/22/2020 10:00,94,1,22
42.25,40.042,21.172,35.26,345600,2/22/2020 10:00,95,1,23
39.25,91.813,22.412,777.92,349200,2/22/2020 10:00,96,1,24
40,92.058,32.017,330.48,352800,2/22/2020 10:00,97,1,1
40.25,30.32,23.427,48.802,356400,2/22/2020 10:00,98,1,2
42.75,35.047,26.668,47.108,360000,2/22/2020 10:00,99,1,3
42.75,84.859,29.653,75.826,363600,2/22/2020 10:00,100,1,4
42.5,51.273,28.512,65.013,367200,2/22/2020 10:00,101,1,5
40,47.931,28.796,95.303,370800,2/22/2020 10:00,102,1,6
39.75,34.34,25.371,70.345,374400,2/22/2020 10:00,103,1,7
40.75,67.941,35.451,150.36,378000,2/22/2020 10:00,104,1,8
41.25,16.162,15.126,25.899,381600,2/22/2020 10:00,105,1,9
41.75,32.335,18.656,50.213,385200,2/22/2020 10:00,106,1,10
41.75,43.259,22.926,43.35,388800,2/22/2020 10:00,107,1,11
41.25,29.487,21.356,53.411,392400,2/22/2020 10:00,108,1,12
40.75,37.985,28.571,71.969,396000,2/22/2020 10:00,109,1,13
40.5,55.369,25.161,118.68,399600,2/22/2020 10:00,110,1,14
42,31.869,22.284,66.901,403200,2/22/2020 10:00,111,1,15
41.5,27.935,24.492,56.587,406800,2/22/2020 10:00,112,1,16
40.5,18.118,14.853,28.061,410400,2/22/2020 10:00,113,1,17
40.5,27.683,22.54,48.603,414000,2/22/2020 10:00,114,1,18
42,21.361,15.164,32.273,417600,2/22/2020 10:00,115,1,19
42.5,33.723,21.098,41.486,421200,2/22/2020 10:00,116,1,20
43,68.974,36.997,84.834,424800,2/22/2020 10:00,117,1,21
41,79.486,45.627,146.89,428400,2/22/2020 10:00,118,1,22
40,79.027,24.962,73.919,432000,2/22/2020 10:00,119,1,23
41.5,42.058,33.161,75.93,435600,2/22/2020 10:00,120,1,24
40.25,52.206,25.334,64.397,439200,2/22/2020 10:00,121,1,1
41.75,56.626,26.171,52.306,442800,2/22/2020 10:00,122,1,2
42.25,131.47,47.598,247.52,446400,2/22/2020 10:00,123,1,3
41.5,44.002,23.564,59.716,450000,2/22/2020 10:00,124,1,4
41.5,54.412,29.17,306.99,453600,2/22/2020 10:00,125,1,5
41,175.12,22.616,44.209,457200,2/22/2020 10:00,126,1,6
42,283.31,36.747,121.88,460800,2/22/2020 10:00,127,1,7
42.5,546.41,25.392,78.985,464400,2/22/2020 10:00,128,1,8
42.25,43.762,24.152,112.64,468000,2/22/2020 10:00,129,1,9
43.75,17.173,14.954,23.015,471600,2/22/2020 10:00,130,1,10
43.25,27.562,16.807,36.015,475200,2/22/2020 10:00,131,1,11
42.25,20.118,14.404,32.753,478800,2/22/2020 10:00,132,1,12
42.25,29.007,19.297,36.608,482400,2/22/2020 10:00,133,1,13
42.25,16.286,14.43,29.235,486000,2/22/2020 10:00,134,1,14
42.25,24.675,17.731,60.155,489600,2/22/2020 10:00,135,1,15
42.75,19.213,14.65,30.049,493200,2/22/2020 10:00,136,1,16
42.25,20.44,15.091,31.869,496800,2/22/2020 10:00,137,1,17
42.25,26.785,18.869,64.307,500400,2/22/2020 10:00,138,1,18
42.25,24.317,17.004,37.423,504000,2/22/2020 10:00,139,1,19
42.25,32.926,26.676,59.719,507600,2/22/2020 10:00,140,1,20
41,29.148,22.217,72.467,511200,2/22/2020 10:00,141,1,21
42,85.665,36.5,78.4,514800,2/22/2020 10:00,142,1,22
41,60.871,31.933,48.82,518400,2/22/2020 10:00,143,1,23
41.5,45.481,37.112,106.47,522000,2/22/2020 10:00,144,2,24
44.25,1221.1,51.502,144.98,525600,2/22/2020 10:00,145,2,1
40.5,289.27,24.475,189.18,529200,2/22/2020 10:00,146,2,2
42,64.022,29.032,675.78,532800,2/22/2020 10:00,147,2,3
41.5,56.804,35.314,84.321,536400,2/22/2020 10:00,148,2,4
41.75,119.98,26.576,57.119,540000,2/22/2020 10:00,149,2,5
42.25,26.305,31.05,63.452,543600,2/22/2020 10:00,150,2,6
44.5,105.68,34.941,96.823,547200,2/22/2020 10:00,151,2,7
39.5,74.03,39.571,132.52,550800,2/22/2020 10:00,152,2,8
42,44.143,25.416,80.577,554400,2/22/2020 10:00,153,2,9
42.5,41.387,20.984,42.588,558000,2/22/2020 10:00,154,2,10
41,20.757,16.407,33.684,561600,2/22/2020 10:00,155,2,11
41.5,88.92,27.396,59.275,565200,2/22/2020 10:00,156,2,12
41.5,258.25,18.329,28.466,568800,2/22/2020 10:00,157,2,13
42.5,48.722,22.075,36.879,572400,2/22/2020 10:00,158,2,14
42.5,92.241,29.121,59.812,576000,2/22/2020 10:00,159,2,15
41.75,55.16,30.497,77.591,579600,2/22/2020 10:00,160,2,16
41.75,27.962,25.419,35.828,583200,2/22/2020 10:00,161,2,17
41.75,21.702,21.026,27.652,586800,2/22/2020 10:00,162,2,18
40.25,20.147,19.711,27.584,590400,2/22/2020 10:00,163,2,19
40.25,34.518,24.879,46.563,594000,2/22/2020 10:00,164,2,20
40,63.507,27.118,1776.8,597600,2/22/2020 10:00,165,2,21
42,57.848,35.151,456.4,601200,2/22/2020 10:00,166,2,22
42.25,49.094,30.676,63.237,604800,2/22/2020 10:00,167,2,23
42.25,68.344,32.058,97.137,608400,2/22/2020 10:00,168,2,24
40.75,97.743,34.577,55.909,612000,2/22/2020 10:00,169,2,1
42.5,62.654,29.388,48.368,615600,2/22/2020 10:00,170,2,2
40.75,67.201,27.918,44.396,619200,2/22/2020 10:00,171,2,3
41.5,47.494,30.549,67.533,622800,2/22/2020 10:00,172,2,4
38.75,91.801,29.802,74.179,626400,2/22/2020 10:00,173,2,5
43,180.34,38.66,131.18,630000,2/22/2020 10:00,174,2,6
39.75,25.854,19.023,24.261,633600,2/22/2020 10:00,175,2,7
42.25,65.022,30.767,62.102,637200,2/22/2020 10:00,176,2,8
43.25,126.09,48.257,155.89,640800,2/22/2020 10:00,177,2,9
41.25,46.773,26.119,42.55,644400,2/22/2020 10:00,178,2,10
41.75,33.284,19.067,23.739,648000,2/22/2020 10:00,179,2,11
42.25,30.808,21.38,34.292,651600,2/22/2020 10:00,180,2,12
42,35.7,20.881,47.508,655200,2/22/2020 10:00,181,2,13
42,47.144,24.107,66.479,658800,2/22/2020 10:00,182,2,14
42,22.917,15.658,37.494,662400,2/22/2020 10:00,183,2,15
42.5,48.557,21.762,38.651,666000,2/22/2020 10:00,184,2,16
41.5,67.746,20.555,35.921,669600,2/22/2020 10:00,185,2,17
41.75,22.447,17.581,32.467,673200,2/22/2020 10:00,186,2,18
41.25,39.769,24.68,45.082,676800,2/22/2020 10:00,187,2,19
41.75,57.842,22.881,42.759,680400,2/22/2020 10:00,188,2,20
41.75,87.478,32.406,80.335,684000,2/22/2020 10:00,189,2,21
42,274.48,39.639,108.52,687600,2/22/2020 10:00,190,2,22
40.25,165.79,25.099,60.141,691200,2/22/2020 10:00,191,2,23
42.25,116.63,42.976,122.98,694800,2/22/2020 10:00,192,2,24
40.75,111.85,41.245,84.445,698400,2/22/2020 10:00,193,2,1
40.25,150.13,35.655,79.357,702000,2/22/2020 10:00,194,2,2
41.75,60.167,33.834,62.107,705600,2/22/2020 10:00,195,2,3
42,59.325,34.617,63.318,709200,2/22/2020 10:00,196,2,4
41.5,164.43,35.588,125.96,712800,2/22/2020 10:00,197,2,5
42.75,93.301,22.063,85.905,716400,2/22/2020 10:00,198,2,6
41.75,108.56,52.613,195.29,720000,2/22/2020 10:00,199,2,7
41.25,258.33,29.559,98.712,723600,2/22/2020 10:00,200,2,8
42.25,120.61,48.466,128.95,727200,2/22/2020 10:00,201,2,9
41.25,64.589,35.543,154.03,730800,2/22/2020 10:00,202,2,10
41.5,29.012,20.231,337.14,734400,2/22/2020 10:00,203,2,11
41,30.058,19.56,68.998,738000,2/22/2020 10:00,204,2,12
41,17.938,14.21,27.863,741600,2/22/2020 10:00,205,2,13
41.5,23.259,17.035,39.991,745200,2/22/2020 10:00,206,2,14
42,78.703,25.424,99.556,748800,2/22/2020 10:00,207,2,15
41.5,25.989,18.404,44.223,752400,2/22/2020 10:00,208,2,16
40,33.017,21.65,50.23,756000,2/22/2020 10:00,209,2,17
41.5,35.297,25.706,71.924,759600,2/22/2020 10:00,210,2,18
41.5,17.213,15.558,27.978,763200,2/22/2020 10:00,211,2,19
42,19.065,16.745,30.995,766800,2/22/2020 10:00,212,2,20
42,16.967,15.593,27.455,770400,2/22/2020 10:00,213,2,21
42,69.121,27.847,50.948,774000,2/22/2020 10:00,214,2,22
39.5,167.49,61.348,214.16,777600,2/22/2020 10:00,215,2,23
40.5,312.54,37.52,81.386,781200,2/22/2020 10:00,216,2,24
41,42.228,34.853,54.639,784800,2/22/2020 10:00,217,2,1
39,52.899,37.262,71.457,788400,2/22/2020 10:00,218,2,2
40,66.204,41.737,85.881,792000,2/22/2020 10:00,219,2,3
37.75,60.237,28.369,62.778,795600,2/22/2020 10:00,220,2,4
41.75,63.115,31.113,87.948,799200,2/22/2020 10:00,221,2,5
42,41.111,26.878,66.502,802800,2/22/2020 10:00,222,2,6
41.75,24.412,18.7,35.742,806400,2/22/2020 10:00,223,2,7
39.75,23.108,23.239,40.304,810000,2/22/2020 10:00,224,2,8
43.25,46.512,22.875,56.437,813600,2/22/2020 10:00,225,2,9
42.25,67.729,31.542,56.701,817200,2/22/2020 10:00,226,2,10
43,70.247,20.797,66.179,820800,2/22/2020 10:00,227,2,11
42.5,45.091,25.447,81.127,824400,2/22/2020 10:00,228,2,12
43,16.458,15.016,29.088,828000,2/22/2020 10:00,229,2,13
43,17.462,14.898,30.312,831600,2/22/2020 10:00,230,2,14
42,55.888,27.776,73.352,835200,2/22/2020 10:00,231,2,15
41.5,13.212,14.177,25.835,838800,2/22/2020 10:00,232,2,16
42.5,12.92,13.675,26.004,842400,2/22/2020 10:00,233,2,17
42.5,35.569,23.253,54.572,846000,2/22/2020 10:00,234,2,18
43,19.884,17.236,28.48,849600,2/22/2020 10:00,235,2,19
43.5,43.414,18.981,49.736,853200,2/22/2020 10:00,236,2,20
42.75,32.005,16.116,37.868,856800,2/22/2020 10:00,237,2,21
42.75,39.683,21.136,58.25,860400,2/22/2020 10:00,238,2,22
42.75,62.127,26.836,67.577,864000,2/22/2020 10:00,239,2,23
40.5,42.774,26.025,511.69,867600,2/22/2020 10:00,240,2,24
41.25,61.366,34.463,300.64,871200,2/22/2020 10:00,241,2,1
42.25,90.497,25.184,136.01,874800,2/22/2020 10:00,242,2,2
43.25,34.066,22.729,98.17,878400,2/22/2020 10:00,243,2,3
42.75,27.908,21.469,59.335,882000,2/22/2020 10:00,244,2,4
43,24.467,19.257,38.096,885600,2/22/2020 10:00,245,2,5
43.5,237.63,30.227,88.625,889200,2/22/2020 10:00,246,2,6
40.5,55.194,23.628,150.76,892800,2/22/2020 10:00,247,2,7
42.25,95.657,39.475,94.31,896400,2/22/2020 10:00,248,2,8
41.25,42.984,27.65,83.907,900000,2/22/2020 10:00,249,2,9
42.25,98.028,37.057,231.6,903600,2/22/2020 10:00,250,2,10
42,31.334,18.47,59.839,907200,2/22/2020 10:00,251,2,11
42,19.204,13.388,22.979,910800,2/22/2020 10:00,252,2,12
42,20.693,16.007,24.687,914400,2/22/2020 10:00,253,2,13
42,121.91,23.926,70.11,918000,2/22/2020 10:00,254,2,14
42.5,42.41,20.766,48.231,921600,2/22/2020 10:00,255,2,15
42,33.511,18.405,48.325,925200,2/22/2020 10:00,256,2,16
42,20.092,14.399,34.176,928800,2/22/2020 10:00,257,2,17
42.5,22.08,18.688,39.373,932400,2/22/2020 10:00,258,2,18
41.5,27.007,17.544,38.083,936000,2/22/2020 10:00,259,2,19
42.25,35.176,17.186,71.428,939600,2/22/2020 10:00,260,2,20
42.75,19.169,14.421,29.333,943200,2/22/2020 10:00,261,2,21
42.75,31.847,19.755,41.783,946800,2/22/2020 10:00,262,2,22
42.25,33.7,22.721,124.36,950400,2/22/2020 10:00,263,2,23
42.75,190.89,57.151,162.99,954000,2/22/2020 10:00,264,2,24
39.5,127.14,54.205,153.63,957600,2/22/2020 10:00,265,2,1
40.25,130.49,40.318,96.896,961200,2/22/2020 10:00,266,2,2
40.75,40.307,29.057,64.489,964800,2/22/2020 10:00,267,2,3
42.5,91.096,28.956,50.107,968400,2/22/2020 10:00,268,2,4
40.75,97.07,48.219,143.73,972000,2/22/2020 10:00,269,2,5
42,74.753,36.645,69.021,975600,2/22/2020 10:00,270,2,6
42.75,24.525,19.95,37.124,979200,2/22/2020 10:00,271,2,7
41.75,131.4,17.862,35.563,982800,2/22/2020 10:00,272,2,8
42.5,149.38,28.475,62.536,986400,2/22/2020 10:00,273,2,9
43.5,42.165,18.051,41.364,990000,2/22/2020 10:00,274,2,10
43.5,76.72,31.506,70.331,993600,2/22/2020 10:00,275,2,11
41.75,16.923,14.332,24.606,997200,2/22/2020 10:00,276,2,12
42.25,17.859,13.673,23.628,1000800,2/22/2020 10:00,277,2,13
41.75,316.13,25.696,40.216,1004400,2/22/2020 10:00,278,2,14
41.25,22.039,17.555,28.712,1008000,2/22/2020 10:00,279,2,15
41.75,31.351,15.607,28.747,1011600,2/22/2020 10:00,280,2,16
41.75,61.106,26.067,57.776,1015200,2/22/2020 10:00,281,2,17
42.75,70.845,20.869,78.549,1018800,2/22/2020 10:00,282,2,18
42.25,19.354,14.134,30.909,1022400,2/22/2020 10:00,283,2,19
42.25,38.542,22.662,50.978,1026000,2/22/2020 10:00,284,2,20
42.75,51.927,22.795,49.591,1029600,2/22/2020 10:00,285,2,21
42.25,41.317,20.821,35.154,1033200,2/22/2020 10:00,286,2,22
42.75,762.6,18.821,46.3,1036800,2/22/2020 10:00,287,2,23
42.25,39.308,22.599,37.677,1040400,2/22/2020 10:00,288,3,24
41.25,61.328,33.851,126.3,1044000,2/22/2020 10:00,289,3,1
41.75,60.132,16.99,28.878,1047600,2/22/2020 10:00,290,3,2
43,42.194,26.674,50.917,1051200,2/22/2020 10:00,291,3,3
41.75,49.761,28.021,55.618,1054800,2/22/2020 10:00,292,3,4
41.75,76.178,31.247,155.72,1058400,2/22/2020 10:00,293,3,5
42.25,22.954,20.868,62.574,1062000,2/22/2020 10:00,294,3,6
42.25,118.97,47.629,117.99,1065600,2/22/2020 10:00,295,3,7
41.5,153.79,21.764,38.752,1069200,2/22/2020 10:00,296,3,8
42.5,50.578,33.137,81.593,1072800,2/22/2020 10:00,297,3,9
42,38.583,27.721,60.659,1076400,2/22/2020 10:00,298,3,10
43,48.713,18.291,31.555,1080000,2/22/2020 10:00,299,3,11
43,20.117,15.141,26.98,1083600,2/22/2020 10:00,300,3,12
43,21.055,14.647,26.017,1087200,2/22/2020 10:00,301,3,13
43,24.607,17.884,33.344,1090800,2/22/2020 10:00,302,3,14
43,21.273,16.918,28.969,1094400,2/22/2020 10:00,303,3,15
42.5,59.36,24.146,66.543,1098000,2/22/2020 10:00,304,3,16
42.5,14.021,14.084,20.758,1101600,2/22/2020 10:00,305,3,17
42.5,50.596,22.122,38.576,1105200,2/22/2020 10:00,306,3,18
42,58.478,19.964,49.208,1108800,2/22/2020 10:00,307,3,19
41.5,52.667,21.395,74.811,1112400,2/22/2020 10:00,308,3,20
42,18.214,14.209,26.454,1116000,2/22/2020 10:00,309,3,21
42,40.382,17.308,63.469,1119600,2/22/2020 10:00,310,3,22
42.5,1199.7,14.814,25.711,1123200,2/22/2020 10:00,311,3,23
42.5,19.861,18.038,32.51,1126800,2/22/2020 10:00,312,3,24
39,33.065,22.642,46.765,1130400,2/22/2020 10:00,313,3,1
42.5,80.078,34.94,169.96,1134000,2/22/2020 10:00,314,3,2
41.5,103.54,31.805,70.46,1137600,2/22/2020 10:00,315,3,3
41.5,54.271,28.743,54.152,1141200,2/22/2020 10:00,316,3,4
41.5,85.86,32.781,81.425,1144800,2/22/2020 10:00,317,3,5
40.5,36.09,31.358,56.815,1148400,2/22/2020 10:00,318,3,6
40,71.937,36.801,104.78,1152000,2/22/2020 10:00,319,3,7
41,68.101,25.76,74.462,1155600,2/22/2020 10:00,320,3,8
42,323.19,38.143,113.1,1159200,2/22/2020 10:00,321,3,9
40.5,217.13,32.342,117.84,1162800,2/22/2020 10:00,322,3,10
39.25,79.768,27.352,53.851,1166400,2/22/2020 10:00,323,3,11
40.75,45.173,19.493,51.216,1170000,2/22/2020 10:00,324,3,12
42.25,23.345,13.996,42.79,1173600,2/22/2020 10:00,325,3,13
42.25,22.721,15.172,54.492,1177200,2/22/2020 10:00,326,3,14
41.75,26.801,20.002,52.097,1180800,2/22/2020 10:00,327,3,15
42.25,37.369,25.087,56.939,1184400,2/22/2020 10:00,328,3,16
42.75,18.57,14.87,28.799,1188000,2/22/2020 10:00,329,3,17
42.25,37.039,19.691,47.181,1191600,2/22/2020 10:00,330,3,18
41.75,27.279,18.178,90.25,1195200,2/22/2020 10:00,331,3,19
42.25,17.61,15.975,29.833,1198800,2/22/2020 10:00,332,3,20
42.25,113.08,17.335,68.595,1202400,2/22/2020 10:00,333,3,21
42.25,230.91,19.047,57.066,1206000,2/22/2020 10:00,334,3,22
42.25,22.04,16.472,42.303,1209600,2/22/2020 10:00,335,3,23
41.5,23.201,21.267,41.771,1213200,2/22/2020 10:00,336,3,24
41.5,35.65,22.497,56.897,1216800,2/22/2020 10:00,337,3,1
42.25,45.88,25.51,67.839,1220400,2/22/2020 10:00,338,3,2
41.25,45.06,26.437,57.458,1224000,2/22/2020 10:00,339,3,3
42.75,41.275,24.273,58.378,1227600,2/22/2020 10:00,340,3,4
41.25,57.35,33.348,98.469,1231200,2/22/2020 10:00,341,3,5
42.75,91.758,41.267,239.05,1234800,2/22/2020 10:00,342,3,6
43.25,143.51,37.153,115.07,1238400,2/22/2020 10:00,343,3,7
39.25,44.786,26.708,109.69,1242000,2/22/2020 10:00,344,3,8
43.25,99.773,34.159,68.664,1245600,2/22/2020 10:00,345,3,9
41.75,81.464,32.757,99.424,1249200,2/22/2020 10:00,346,3,10
41.75,50.686,23.814,52.692,1252800,2/22/2020 10:00,347,3,11
42.75,276.44,55.912,337.58,1256400,2/22/2020 10:00,348,3,12
42,18.072,15.749,28.486,1260000,2/22/2020 10:00,349,3,13
42.5,14.567,13.191,24.36,1263600,2/22/2020 10:00,350,3,14
42.5,20.509,13.734,24.155,1267200,2/22/2020 10:00,351,3,15
42,29.897,22.223,56.718,1270800,2/22/2020 10:00,352,3,16
41,33.489,21.992,55.966,1274400,2/22/2020 10:00,353,3,17
40.5,29.616,21.207,87.699,1278000,2/22/2020 10:00,354,3,18
40.5,22.802,16.594,42.897,1281600,2/22/2020 10:00,355,3,19
41.5,32.55,22.217,68.167,1285200,2/22/2020 10:00,356,3,20
41,68.254,31.954,94.59,1288800,2/22/2020 10:00,357,3,21
40.75,32.023,21.058,39.031,1292400,2/22/2020 10:00,358,3,22
41.25,66.215,23.21,49.675,1296000,2/22/2020 10:00,359,3,23
41.25,36.647,23.454,37.907,1299600,2/22/2020 10:00,360,3,24
41.25,165.7,33.879,125.47,1303200,2/22/2020 10:00,361,3,1
40.25,82.084,35.287,104.88,1306800,2/22/2020 10:00,362,3,2
40,79.334,28.694,79.821,1310400,2/22/2020 10:00,363,3,3
43.5,149,43.29,117.67,1314000,2/22/2020 10:00,364,3,4
42,72.04,34.884,464.47,1317600,2/22/2020 10:00,365,3,5
40,90.261,29.582,73.063,1321200,2/22/2020 10:00,366,3,6
39.25,56.921,33.494,59.189,1324800,2/22/2020 10:00,367,3,7
42.75,40.832,25.922,968.67,1328400,2/22/2020 10:00,368,3,8
41.5,476.23,27.695,376.39,1332000,2/22/2020 10:00,369,3,9
40.5,49.274,26.757,91.248,1335600,2/22/2020 10:00,370,3,10
42,131.91,36.796,115.01,1339200,2/22/2020 10:00,371,3,11
42.5,68.745,39.254,181.95,1342800,2/22/2020 10:00,372,3,12
44,84.097,29.479,75.052,1346400,2/22/2020 10:00,373,3,13
41.5,14.72,14.137,24.273,1350000,2/22/2020 10:00,374,3,14
41.5,24.022,16.667,28.378,1353600,2/22/2020 10:00,375,3,15
41.5,18.393,14.44,24.814,1357200,2/22/2020 10:00,376,3,16
41.5,42.513,28.021,96.563,1360800,2/22/2020 10:00,377,3,17
42.5,30.02,23.418,53.274,1364400,2/22/2020 10:00,378,3,18
42.5,28.719,20.751,48.964,1368000,2/22/2020 10:00,379,3,19
42.5,24.092,17.895,42.596,1371600,2/22/2020 10:00,380,3,20
41.5,26.553,24.198,49.451,1375200,2/22/2020 10:00,381,3,21
41,34.544,19.816,32.211,1378800,2/22/2020 10:00,382,3,22
42,27.548,21.575,46.631,1382400,2/22/2020 10:00,383,3,23
42,20.747,15.603,29.414,1386000,2/22/2020 10:00,384,3,24
42,47.718,30.539,77.842,1389600,2/22/2020 10:00,385,3,1
38.5,32.258,24.859,73.341,1393200,2/22/2020 10:00,386,3,2
40.5,47.187,31.025,62.8,1396800,2/22/2020 10:00,387,3,3
42,48.861,22.403,41.206,1400400,2/22/2020 10:00,388,3,4
39.75,67.746,33.31,63.538,1404000,2/22/2020 10:00,389,3,5
40.25,40.983,26.886,86.995,1407600,2/22/2020 10:00,390,3,6
39.75,116.71,43.347,81.806,1411200,2/22/2020 10:00,391,3,7
41.25,52.113,38.6,57.408,1414800,2/22/2020 10:00,392,3,8
38.25,26.402,22.681,50.344,1418400,2/22/2020 10:00,393,3,9
40,63.4,27.517,88.601,1422000,2/22/2020 10:00,394,3,10
41.5,114.83,22.831,97.512,1425600,2/22/2020 10:00,395,3,11
39.25,169.2,20.84,148.96,1429200,2/22/2020 10:00,396,3,12
42.25,23.099,17.644,48.078,1432800,2/22/2020 10:00,397,3,13
42.25,18.888,14.997,33.406,1436400,2/22/2020 10:00,398,3,14
41.75,18.757,14.728,32.351,1440000,2/22/2020 10:00,399,3,15
41.75,19.061,13.724,32.613,1443600,2/22/2020 10:00,400,3,16
41.25,105.93,28.479,69.685,1447200,2/22/2020 10:00,401,3,17
41.75,51.849,20.808,31.414,1450800,2/22/2020 10:00,402,3,18
42.25,28.064,17.38,32.524,1454400,2/22/2020 10:00,403,3,19
40.75,53.533,24.473,48.771,1458000,2/22/2020 10:00,404,3,20
41.25,30.503,19.255,29.686,1461600,2/22/2020 10:00,405,3,21
41.25,18.983,16.178,21.312,1465200,2/22/2020 10:00,406,3,22
40.25,20.332,16.074,23.46,1468800,2/22/2020 10:00,407,3,23
40.25,19.515,16.398,24.019,1472400,2/22/2020 10:00,408,3,24
39.25,40.157,25.647,47.986,1476000,2/22/2020 10:00,409,3,1
41.25,97.352,40.069,89.312,1479600,2/22/2020 10:00,410,3,2
40.5,70.652,29.891,45.116,1483200,2/22/2020 10:00,411,3,3
39.25,51.597,26.517,62.767,1486800,2/22/2020 10:00,412,3,4
40.25,86.343,27.156,898.68,1490400,2/22/2020 10:00,413,3,5
40.75,92.247,33.792,65.465,1494000,2/22/2020 10:00,414,3,6
39.75,91.347,38.374,67.013,1497600,2/22/2020 10:00,415,3,7
41.25,67.984,32.122,79.774,1501200,2/22/2020 10:00,416,3,8
41,56.227,35.182,112.61,1504800,2/22/2020 10:00,417,3,9
40.5,52.099,28.742,54.845,1508400,2/22/2020 10:00,418,3,10
42.5,84.83,30.927,87.393,1512000,2/22/2020 10:00,419,3,11
41.5,46.74,34.011,96.905,1515600,2/22/2020 10:00,420,3,12
41.5,107.67,31.498,131.21,1519200,2/22/2020 10:00,421,3,13
42.5,21.255,18.802,32.529,1522800,2/22/2020 10:00,422,3,14
42,22.124,16.029,28.323,1526400,2/22/2020 10:00,423,3,15
42,20.383,15.399,23.014,1530000,2/22/2020 10:00,424,3,16
41.5,17.797,13.712,22.01,1533600,2/22/2020 10:00,425,3,17
41.5,20.624,15.286,38.666,1537200,2/22/2020 10:00,426,3,18
41.5,25.33,17.526,25.911,1540800,2/22/2020 10:00,427,3,19
38.5,60.276,16.393,22.537,1544400,2/22/2020 10:00,428,3,20
41,86.518,16.16,19.539,1548000,2/22/2020 10:00,429,3,21
41.5,17.123,16.875,34.137,1551600,2/22/2020 10:00,430,3,22
41.5,18.162,15.463,30.159,1555200,2/22/2020 10:00,431,3,23
41.5,16.038,14.98,28.014,1558800,2/22/2020 10:00,432,4,24
41.5,35.299,21.033,35.497,1562400,2/22/2020 10:00,433,4,1
42.5,66.108,25.422,89.47,1566000,2/22/2020 10:00,434,4,2
40,32.593,22.015,922.06,1569600,2/22/2020 10:00,435,4,3
42.5,52.175,26.03,82.925,1573200,2/22/2020 10:00,436,4,4
42.75,52.978,26.941,330.86,1576800,2/22/2020 10:00,437,4,5
41.75,96.797,28.385,55.86,1580400,2/22/2020 10:00,438,4,6
43.25,107.47,28.806,42.82,1584000,2/22/2020 10:00,439,4,7
41.5,26.833,22.654,73.806,1587600,2/22/2020 10:00,440,4,8
41,201.87,33.061,95.977,1591200,2/22/2020 10:00,441,4,9
42,35.341,22.125,37.584,1594800,2/22/2020 10:00,442,4,10
42,91.967,26.175,397.66,1598400,2/22/2020 10:00,443,4,11
43.75,52.029,28.008,85.921,1602000,2/22/2020 10:00,444,4,12
40.5,24.698,16.856,57.103,1605600,2/22/2020 10:00,445,4,13
42,18.295,14.961,31.265,1609200,2/22/2020 10:00,446,4,14
42.5,17.156,14.562,27.871,1612800,2/22/2020 10:00,447,4,15
42,16.823,14.392,28.099,1616400,2/22/2020 10:00,448,4,16
42,18.617,14.958,29.163,1620000,2/22/2020 10:00,449,4,17
42,18.057,16.47,29.043,1623600,2/22/2020 10:00,450,4,18
42,17.943,15.561,31.052,1627200,2/22/2020 10:00,451,4,19
42,19.155,15.804,30.207,1630800,2/22/2020 10:00,452,4,20
42,29.904,17.627,30.446,1634400,2/22/2020 10:00,453,4,21
42.5,83.631,29.093,127.33,1638000,2/22/2020 10:00,454,4,22
41.5,26.54,18.414,26.571,1641600,2/22/2020 10:00,455,4,23
41.5,22.036,15.821,22.183,1645200,2/22/2020 10:00,456,4,24
41.5,28.73,18.001,31.791,1648800,2/22/2020 10:00,457,4,1
41,25.882,18.811,31.262,1652400,2/22/2020 10:00,458,4,2
41,43.46,30.772,55.615,1656000,2/22/2020 10:00,459,4,3
39.5,88.423,31.689,259.34,1659600,2/22/2020 10:00,460,4,4
40,77.91,28.058,363.71,1663200,2/22/2020 10:00,461,4,5
40.5,120.05,43.657,138.01,1666800,2/22/2020 10:00,462,4,6
40.25,110.57,36.118,82.119,1670400,2/22/2020 10:00,463,4,7
42.25,142.35,30.99,141.53,1674000,2/22/2020 10:00,464,4,8
41.75,77.176,29.525,49.281,1677600,2/22/2020 10:00,465,4,9
40.75,108.43,40.078,85.726,1681200,2/22/2020 10:00,466,4,10
42.25,46.505,28.303,58.912,1684800,2/22/2020 10:00,467,4,11
41.25,72.057,31.654,48.866,1688400,2/22/2020 10:00,468,4,12
42.75,21.29,19.516,30.063,1692000,2/22/2020 10:00,469,4,13
41.75,98.451,34.499,81.378,1695600,2/22/2020 10:00,470,4,14
41.25,19.283,16.256,25.586,1699200,2/22/2020 10:00,471,4,15
41.75,17.942,14.609,23.211,1702800,2/22/2020 10:00,472,4,16
41.75,18.209,14.129,21.966,1706400,2/22/2020 10:00,473,4,17
41.75,18.898,14.166,23.412,1710000,2/22/2020 10:00,474,4,18
41.25,20.968,15.079,25.587,1713600,2/22/2020 10:00,475,4,19
41.75,19.206,13.718,23.53,1717200,2/22/2020 10:00,476,4,20
41.75,21.186,14.653,23.409,1720800,2/22/2020 10:00,477,4,21
40.75,19.714,13.819,22.317,1724400,2/22/2020 10:00,478,4,22
